<addons>
<addon id="repository.kodinaz" name=".[COLOR blue]Kodinaz[/COLOR][COLOR white] Repository [/COLOR]" version="1.2.0" provider-name="kodinaz">
    <requires>
		<import addon="repository.blamo" version="0.1.7" />
		<import addon="plugin.video.neptune" version="1.2.3" />
		<import addon="repository.Brettusrepo" version="1.0" />
		<import addon="plugin.video.TheKingdom" version="7.5.3" />
		<import addon="repository.matthuisman" version="0.2.0"/>
		<import addon="plugin.video.placenta" version="1.3.7" />
		<import addon="repository.xvbmc" version="4.2.0" />
	</requires>
	<extension point="xbmc.addon.repository" name="Kodinaz Repository ">
        <info compressed="false">https://raw.githubusercontent.com/nazofm/kodinaz/master/addons.xml</info>
        <checksum>https://raw.githubusercontent.com/nazofm/kodinaz/master/addons.xml.md5</checksum>
        <datadir zip="true">https://raw.githubusercontent.com/nazofm/kodinaz/master/</datadir>
    </extension>
    <extension point="xbmc.addon.metadata">
        <summary>www.kodinaz.com Repository</summary>
        <description>www.kodinaz.com offical repository using GitHub [B]THE ADDONS UNDER THIS REPO SCRAPE THE NET, NO CONTENT IS HOSTED/DISTRIBUTED HERE, CONTACT THE WEBSITES HOSTING THE CONTENT IF WANT IT REMOVED [CR] [/B]</description>
        <platform>all</platform>
    </extension>
</addon>
    <addon id="repository.blamo" name="[COLOR red]Blamo Repo[/COLOR]" version="0.1.7" provider-name="Mr Blamo">
        <requires>
            <import addon="xbmc.addon" version="12.0.0"/>
        </requires>
        <extension point="xbmc.addon.repository" name="[COLOR red]Blamo Repo[/COLOR]">
            <dir>
			<info compressed="false">https://raw.githubusercontent.com/MrBlamo420/Project/master/zips/addons.xml</info>
            <checksum>https://raw.githubusercontent.com/MrBlamo420/Project/master/zips/addons.xml.md5</checksum>
            <datadir zip="true">https://raw.githubusercontent.com/MrBlamo420/Project/master/zips/</datadir>
            <hashes>false</hashes>
			</dir>
            <dir>
                <info compressed="false">https://raw.githubusercontent.com/marcelveldt/repository.marcelveldt/master/addons.xml</info>
                <checksum>https://raw.githubusercontent.com/marcelveldt/repository.marcelveldt/master/addons.xml.md5</checksum>
                <datadir zip="true">https://raw.githubusercontent.com/marcelveldt/repository.marcelveldt/master/</datadir>
            </dir>
            <dir>
                <info compressed="false">https://raw.githubusercontent.com/jsergio123/zips/master/addons.xml</info>
                <checksum>https://raw.githubusercontent.com/jsergio123/zips/master/addons.xml.md5</checksum>
                <datadir zip="true">https://raw.githubusercontent.com/jsergio123/zips/master/</datadir>
            </dir>
            <dir>
                <info compressed="false">https://raw.githubusercontent.com/totalrevolution/python-koding/master/zips/addons.xml</info>
                <checksum>https://raw.githubusercontent.com/totalrevolution/python-koding/master/zips/addons.xml.md5</checksum>
                <datadir zip="true">https://raw.githubusercontent.com/totalrevolution/python-koding/master/zips/</datadir>
            </dir>
			<dir>
                <info compressed="false">https://raw.githubusercontent.com/teamuniversal/scrapers/master/_modules4all/zips/addons.xml</info>
                <checksum>https://raw.githubusercontent.com/teamuniversal/scrapers/master/_modules4all/zips/addons.xml.md5</checksum>
                <datadir zip="true">https://raw.githubusercontent.com/teamuniversal/scrapers/master/_modules4all/zips/</datadir>
            </dir>
        </extension>
        <extension point="xbmc.addon.metadata">
            <summary>The Official Repo for Mr Blamo</summary>
            <description>The Official Repo for Mr Blamo</description>
            <platform>all</platform>
            <genre>movies,usa</genre>
        </extension>
    </addon>

<addon id="script.module.schism.common" name="Elysium Common Libraries" version="2017.06.08" provider-name="Elysium">
	<requires>
		<import addon="xbmc.python" version="2.1.0" />
		<import addon="script.module.six" />
		<import addon="script.module.metahandler" />
		<import addon="script.module.beautifulsoup" />
	</requires>
	<extension point="xbmc.python.module" library="lib" />
	<extension point="xbmc.addon.metadata">
		<platform>all</platform>
		<summary lang="en">Collection of modules used by Elysium</summary>
		<description lang="en">Collection of modules used by Elysium</description>
		<license>GNU GENERAL PUBLIC LICENSE. Version 2, June 1991</license>
	</extension>
</addon>
<addon id="script.module.urlresolver" name="URLResolver" version="4.0.15" provider-name="Eldorado, tknorris, tvaddons">
	<requires>
		<import addon="xbmc.python" version="2.1.0" />
		<import addon="plugin.video.youtube" optional="true" />
		<import addon="script.module.python.twitch" optional="true" />
		<import addon="script.module.cryptopy" version="1.2.6" optional="true" />
	</requires>
	<extension point="xbmc.python.module" library="lib" />
	<extension point="xbmc.python.pluginsource" library="lib/default.py" />
	<extension point="xbmc.addon.metadata">
		<platform>all</platform>
		<summary lang="en">Resolve common video host URL's to be playable in XBMC/Kodi.</summary>
		<summary lang="hr">Prilagodi najčešće URL-ove video izvora kako bi radili u XBMC/Kodiju.</summary>
		<description lang="en">Resolve common video host URL's to be playable in XBMC/Kodi, simplify addon development of video plugins requiring multi video hosts.</description>
		<description lang="hr">Prilagodi najčešće URL-ove video izvora kako bi radili u XBMC/Kodiju, pojednostavnjuje razvoj priključaka za video dodatke koji zahtjevaju višestruke video izvore.</description>
        <forum>https://www.tvaddons.co/forums</forum>
        <website>https://www.tvaddons.co</website>
	</extension>
</addon>
<addon id="plugin.video.neptune" version="1.2.3" name=" Neptune Rising" provider-name="Mr.Blamo">
	<requires>
		<import addon="xbmc.python" version="2.19.0" />
		<import addon="script.neptune.artwork" />
		<import addon="script.neptune.metadata" />
                <import addon="script.module.urlresolver"/>
                <import addon="script.module.metahandler"/>
                <import addon="script.module.requests"/>
                <import addon="script.module.beautifulsoup"/>
                <import addon="script.module.schism.common"/>
                <import addon="script.module.futures"/>
                <import addon="script.module.nanscrapers" version="0.5.41" />
	</requires>
	<extension point="xbmc.python.pluginsource" library="neptune.py">
		<provides>video</provides>
	</extension>
	<extension point="xbmc.service" library="service.py" start="startup" />
	<extension point="xbmc.addon.metadata">
		<summary lang="en">Neptune Rising</summary>
		<description lang="en">Movie, TV Show, and Playlist Add-on</description>
		<disclaimer lang="en">The author does not host or distribute any of the content displayed by this addon. The author does not have any affiliation with the content provider.</disclaimer>
		<platform>all</platform>
		<forum></forum>
		<website></website>
		<source></source>
		<assets>
			<icon>icon.png</icon>
			<fanart>fanart.jpg</fanart>
		</assets>
		<news></news>
	</extension>
</addon>
<addon id="script.module.nanscrapers" name="NaN Scrapers" version="0.5.51" provider-name="Team NaN">
        <requires>
                <import addon="xbmc.python" version="2.1.0"/>
                <import addon="script.module.beautifulsoup" version="3.2.1"/>
                <import addon="script.module.futures" version="2.2.0"/>
                <import addon="script.module.requests"/>
                <import addon="script.module.six"/>
                <import addon="script.module.resolveurl" version="5.0.00"/>
                <!--<import addon="script.mrknow.urlresolver" version="2016.10.30.2" optional="true"/>-->
        </requires>
        <extension point="xbmc.python.module" library="lib"/>
        <extension point="xbmc.python.pluginsource" library="lib/default.py">
                <provides>executable</provides>
        </extension>
        <extension point="xbmc.addon.metadata">
                <platform>all</platform>
                <summary lang="en">Scrape common video host for URL's to be playable in XBMC/Kodi.</summary>
                <description lang="en">Scrape common video host for URL's to be playable in XBMC/Kodi, simplifying addon development of video plugins requiring multi video hosts.
                </description>
                <license>GPL v3</license>
                <source>https://github.com/noobsandnerds/noobsandnerds/tree/master/script.module.nanscrapers</source>
                <forum>http://www.noobsandnerds.com/support/showthread.php?tid=17212</forum>
                <website>http://noobsandnerds.com</website>
        </extension>
</addon>
<addon id="script.neptune.artwork" version="1.0.8" name="Neptune Rising Artwork" provider-name="Mr.Blamo">
	<requires>
		<import addon="xbmc.python" version="2.19.0"/>
	</requires>
	<extension point="xbmc.python.module" library="lib" />
	<extension point="xbmc.addon.metadata">
		<summary>Themes for the Neptune Rising Addon</summary>
		<description>Themes for Neptune Rising are maintained separately to make distribution of the the addon itself easier/faster.</description>
		<platform>all</platform>
	</extension>
</addon>
<addon id="script.neptune.metadata" version="1.0.4" name="Neptune Rising Metadata" provider-name="Mr.Blamo">
	<requires>
		<import addon="xbmc.python" version="2.19.0"/>
	</requires>
	<extension point="xbmc.python.module" library="lib" />
	<extension point="xbmc.addon.metadata">
		<summary>Metadata for the Neptune Rising Addon</summary>
		<description>Metadata for Neptune Rising are maintained separately to make distribution of the the addon itself easier/faster.</description>
		<platform>all</platform>
	</extension>
</addon>

<addon id="plugin.video.ozlive" name="Freeview AU" version="2.3" provider-name="KodiNaz">
  <requires>
    <import addon="xbmc.python" version="2.1.0"/>
  </requires>
  <extension point="xbmc.python.pluginsource" library="default.py">
    <provides>video</provides>
  </extension>
  <extension point="xbmc.addon.metadata">
    <summary lang="en">Live Aussie Freeview</summary>
    <description lang="en">Live Australian TV [CR][CR][CR]If you paid for this software or paid for it to be included in your fully loaded Kodi box then ask the seller for a refund. Kodi and its addons are free and always will be.
	</description>
    <disclaimer lang="en">Author does not host streams and takes no responsibility for the distribution, use or content in this addon. Streams shared freely for information purposes only. Content may not be legal in your country to view and may be geoblocked for your location.</disclaimer>
    <language>EN</language>
    <platform>all</platform>
    <license>GNU GENERAL PUBLIC LICENSE. Version 2, June 1991</license>
    <forum></forum>
    <website></website>
    <email></email>
    <source></source>
    <assets>
        <icon>icon.png</icon>
        <fanart>fanart.jpg</fanart>
    </assets>
  </extension>
</addon>
<addon id="repository.googlecode.xbmc-catchuptv-au" name="XBMC CatchupTV AU Add-ons" version="1.3" provider-name="XBMC CatchupTV AU">
  <extension point="xbmc.addon.repository" name="XBMC CatchupTV AU Add-on Repository">
    <info compressed="false">https://raw.github.com/xbmc-catchuptv-au/repo/master/addons.xml</info>
    <checksum>https://raw.github.com/xbmc-catchuptv-au/repo/master/addons.xml.md5</checksum>
    <datadir zip="true">https://github.com/xbmc-catchuptv-au/repo/raw/master/</datadir>
  </extension>
  <extension point="xbmc.addon.metadata">
    <summary>Install CatchupTV AU Add-ons</summary>
    <description>Download and install add-ons from the CatchupTV AU repository.[CR][CR]By using this repository you will be able to download and use the latest version of the Catch-UP TV plugins and other Australian based content.</description>
    <platform>all</platform>
  </extension>
</addon>
<addon id="repository.xvbmc" name=" [COLOR lime][B]X[/B][/COLOR]vBMC (Add-ons) REPOsitory" version="4.2.0" provider-name="XvBMC Nederland">
    <extension point="xbmc.addon.repository" name=" [COLOR lime][B]X[/B][/COLOR]vBMC (Add-ons) REPOsitory">
        <dir>
            <info compressed="false">https://raw.githubusercontent.com/noobsandnerds/modules4all/master/zips/addons.xml</info>
            <checksum>https://raw.githubusercontent.com/noobsandnerds/modules4all/master/zips/addons.xml.md5</checksum>
            <datadir zip="true">https://raw.githubusercontent.com/noobsandnerds/modules4all/master/zips/</datadir>
        </dir>
        <dir>
            <info compressed="false">https://github.com/tvaddonsco/tva-resolvers-repo/raw/master/addons.xml</info>
            <checksum>https://github.com/tvaddonsco/tva-resolvers-repo/raw/master/addons.xml.md5</checksum>
            <datadir zip="true">https://github.com/tvaddonsco/tva-resolvers-repo/raw/master/zips/</datadir>
        </dir>
        <dir>
            <info compressed="false">https://raw.githubusercontent.com/XvBMC/repository.xvbmc/master/Dependencies/xvbmc-addons.xml</info>
            <checksum>https://raw.githubusercontent.com/XvBMC/repository.xvbmc/master/Dependencies/xvbmc-addons.xml.md5</checksum>
            <datadir zip="true">https://raw.githubusercontent.com/XvBMC/repository.xvbmc/master/Dependencies/zips/</datadir>
            <hashes>false</hashes>
        </dir>
        <dir>
            <info compressed="false">https://raw.githubusercontent.com/XvBMC/repository.xvbmc/master/Look-and-Feel/xvbmc-addons.xml</info>
            <checksum>https://raw.githubusercontent.com/XvBMC/repository.xvbmc/master/Look-and-Feel/xvbmc-addons.xml.md5</checksum>
            <datadir zip="true">https://raw.githubusercontent.com/XvBMC/repository.xvbmc/master/Look-and-Feel/zips/</datadir>
            <hashes>false</hashes>
        </dir>
        <dir>
            <info compressed="false">https://raw.githubusercontent.com/XvBMC/repository.xvbmc/master/REPOsitory/xvbmc-addons.xml</info>
            <checksum>https://raw.githubusercontent.com/XvBMC/repository.xvbmc/master/REPOsitory/xvbmc-addons.xml.md5</checksum>
            <datadir zip="true">https://raw.githubusercontent.com/XvBMC/repository.xvbmc/master/REPOsitory/zips/</datadir>
            <hashes>false</hashes>
        </dir>
            <info compressed="false">https://raw.githubusercontent.com/XvBMC/repository.xvbmc/master/xvbmc-addons.xml</info>
            <checksum>https://raw.githubusercontent.com/XvBMC/repository.xvbmc/master/xvbmc-addons.xml.md5</checksum>
            <datadir zip="true">https://raw.githubusercontent.com/XvBMC/repository.xvbmc/master/zips/</datadir>
            <hashes>false</hashes>
    </extension>
    <extension point="xbmc.addon.metadata">
        <summary lang="en">XvBMC The Netherlands (Add-ons) REPOsitory #DUTCH #NL</summary>
        <summary lang="nl">XvBMC Nederland (Add-ons) REPOsitory #NL #DUTCH</summary>
        <description lang="en">XvBMC The Netherlands (Add-ons) Repository | XvBMC-NL (Add-on) Depot  |  be sure to check out our FB-page: http://bit.ly/XvBMC-NL !!! USE AT YOUR OWN RISK !!!</description>
        <description lang="nl">XvBMC Nederland (Add-ons) Repository | XvBMC-NL (Add-on) Depot  |  en volg zeker ook onze Facebook pagina: http://bit.ly/XvBMC-NL !!! USE AT YOUR OWN RISK !!!</description>
        <disclaimer lang="en">The owners and submitters to this repository do not host or distribute any of the content displayed by these add-ons nor do they have any affiliation with its content. Please Read: https://raw.githubusercontent.com/XvBMC/repository.xvbmc/master/LICENSE ...just because you can  ;)  !!! USE-AT-YOUR-OWN-RISK !!!</disclaimer>
        <disclaimer lang="nl">The owners and submitters to this repository do not host or distribute any of the content displayed by these add-ons nor do they have any affiliation with its content. Please Read: https://raw.githubusercontent.com/XvBMC/repository.xvbmc/master/LICENSE ...just because you can  ;)  !!! USE-AT-YOUR-OWN-RISK !!!</disclaimer>
        <platform>all</platform>
        <license>GNU GENERAL PUBLIC LICENSE. Version 3, June 2007</license>
        <forum>https://www.fb.com/groups/XvBMCnederland/</forum>
        <website>http://bit.ly/XvBMC-NL</website>
        <source>https://archive.org/download/repository.xvbmc/</source>
        <news>Release v4.2.0</news>
        <assets>
            <icon>icon.png</icon>
            <fanart>fanart.jpg</fanart>
            <screenshot></screenshot>
        </assets>
    </extension>
</addon>
<addon id="plugin.video.TheKingdom" name="TheKingdom" version="7.5.3" provider-name="MrGhost">
    <requires>
        <import addon="xbmc.python" version="2.19.0" />
        <import addon="script.module.nanscrapers" version="0.5.5" />
        <import addon="script.module.python.koding.aio" version="0.9.6.6" />
        <import addon="script.module.beautifulsoup" version="3.2.1" />
        <import addon="script.module.requests" version="2.9.1" />
        <import addon="script.module.addon.common" version="2.0.0" />
        <import addon="script.module.xmltodict" version="0.9.0" />
        <!--<import addon="script.module.web-pdb" version="1.0"/>-->
        <import addon="script.module.urlresolver" version="1.2.0" />
    </requires>
    <extension point="xbmc.python.pluginsource" library="default.py">
        <provides>video</provides>
    </extension>
    <extension point="xbmc.service" library="service.py" start="[login|startup]" />
    <extension point="xbmc.addon.metadata">
      <summary lang="en">Streaming Hub</summary>
      <description lang="en">Streaming Hub</description>
      <disclaimer lang="en">The author of this addon do not host any of the content which is found and have no affiliation with any of the content providers. This addon simply searches websites for content. Use at your own risk!</disclaimer>
      <platform>all</platform>
        <website></website>
        <video_guide></video_guide>
    </extension>
</addon>
<addon id="repository.Brettusrepo" name="Brettus Builds repository" version="1.0" provider-name="Brettus">
	<extension point="xbmc.addon.repository" name="Brettus Builds repository">
		<info compressed="false">http://brettusbuilds.com/brettusrepo/files/addons.xml</info>
		<checksum>http://brettusbuilds.com/brettusrepo/files/addons.xml.md5</checksum>
		<datadir zip="true">http://brettusbuilds.com/brettusrepo/files/</datadir>
	</extension>
	<extension point="xbmc.addon.metadata">
		<summary></summary>
		<description></description>
		<platform>all</platform>
	</extension>
</addon>
<addon id="script.module.python.koding.aio" name="Python Koding AIO" version="1.0" provider-name="Total Revolution">
  <requires>
    <import addon="xbmc.python" version="2.1.0"/>
    <import addon="script.module.urlresolver" version="1.2.0"/>
    <import addon="script.module.requests" version="2.3.0"/>
    <import addon="script.module.beautifulsoup" version="2.1.31"/>
    <import addon="script.module.unidecode" version="0.4.16"/>
  </requires>
  <extension point="xbmc.python.module" library="lib" />
  <extension point="xbmc.addon.metadata">
    <platform>all</platform>
    <summary lang="en">Python Koding All In One</summary>
    <description lang="en">Python Koding AIO contains a bunch of time saving modules that allows for quick and simple development.</description>
    <disclaimer lang="en"></disclaimer>
    <language></language>
    <license>Creative Commons 4.0-NC-ND</license>
    <forum>http://totalrevolution.tv/forum</forum>
    <website>http://totalrevolution.tv</website>
    <news>1.0 Stable release</news>
    <source>https://github.com/totalrevolution/python-koding/tree/master/script.module.python.koding.aio</source>
  </extension>
</addon>
<addon id="script.module.resolveurl" name="ResolveURL" version="5.0.12" provider-name="jsergio">
	<requires>
		<import addon="xbmc.python" version="2.1.0" />
		<import addon="plugin.video.youtube" optional="true" />
		<import addon="script.module.python.twitch" optional="true" />
		<import addon="script.module.cryptopy" version="1.2.6" optional="true" />
		<import addon="plugin.video.gdrive" optional="true" />
	</requires>
	<extension point="xbmc.python.module" library="lib" />
	<extension point="xbmc.python.pluginsource" library="lib/default.py" />
	<extension point="xbmc.addon.metadata">
		<platform>all</platform>
		<summary lang="en">Resolve common video host URL's to be playable in XBMC/Kodi.</summary>
		<summary lang="es">Resolver enlaces a videos de sitios populares para poder reproducirlos en XBMC/Kodi.</summary>
		<summary lang="hr">Prilagodi najčešće URL-ove video izvora kako bi radili u XBMC/Kodiju.</summary>
		<description lang="en">Resolve common video host URL's to be playable in XBMC/Kodi, simplify addon development of video plugins requiring multi video hosts.</description>
		<description lang="hr">Prilagodi najčešće URL-ove video izvora kako bi radili u XBMC/Kodiju, pojednostavnjuje razvoj priključaka za video dodatke koji zahtjevaju višestruke video izvore.</description>
	</extension>
</addon>
<addon id="repository.matthuisman" name="MattHuisman.nz Repository" provider-name="MattHuisman.nz" version="0.2.0" commit="6ebe409">
  <extension point="xbmc.addon.repository" name="MattHuisman.nz Repository">
    <dir>
      <info compressed="false">https://raw.githubusercontent.com/matthuisman/kodi-repo/master/addons.xml</info>
      <checksum>https://raw.githubusercontent.com/matthuisman/kodi-repo/master/addons.xml.md5</checksum>
      <datadir zip="true">https://raw.githubusercontent.com/matthuisman/kodi-repo/master/</datadir>
    </dir>
  </extension>
  <extension point="xbmc.addon.metadata">
    <platform>all</platform>
    <description lang="en">Addons by MattHuisman.nz</description>
    <license>GNU General Public License, v2</license>
    <language/>
    <website>https://www.matthuisman.nz/2017/03/install-matthuisman-kodi-repo.html</website>
    <news>0.2.0 #6ebe409 (29/06/2018)
- Update addon.xml</news>
  </extension>
</addon>
<addon id="plugin.video.placenta" version="1.3.7" name="Placenta" provider-name="Team Afterbirth">
	<requires>
		<import addon="xbmc.python" version="2.19.0" />
		<import addon="script.module.placenta" />
		<import addon="script.placenta.artwork" />
		<import addon="script.placenta.metadata" />
		<import addon="script.module.resolveurl" />
		<import addon="script.module.requests" />
		<import addon="script.module.metahandler" />
        <import addon="plugin.video.youtube"/>
	</requires>
	<extension point="xbmc.python.pluginsource" library="default.py">
		<provides>video</provides>
        <provides>audio</provides>
	</extension>
	<extension point="xbmc.addon.metadata">
		<summary lang="en">Placenta</summary>
		<description>Covenant Fork from Echo/Colossus era with Team Afterbirth's updates and new code.</description>
        <disclaimer lang="en">The author is not responsible for the use of this addon. The author is not responsible for the content found using this addon. The author does not host or own any content found within this addon.
The author is in no way affiliated with Kodi, Team Kodi, or the XBMC Foundation.
This is a Non-profit resource, organized solely for educational purposes which is protected under the Fair-Use doctrine of the Copyright Act, Specifically section 107, which does promote freedom of expression, by permitting the unlicensed use of copyright-protected works.
</disclaimer>
		<platform>all</platform>
		<license>Beerware rev. 42</license>
		<assets>
			<icon>icon.png</icon>
			<fanart>fanart.jpg</fanart>
    			<screenshot>resources/screenshots/screenshot-01.jpg</screenshot>
    			<screenshot>resources/screenshots/screenshot-02.jpg</screenshot>
    			<screenshot>resources/screenshots/screenshot-03.jpg</screenshot>
    			<screenshot>resources/screenshots/screenshot-04.jpg</screenshot>
		</assets>
		<news></news>
	</extension>
</addon>
<addon id="script.module.placenta" name="Placenta Module" version="1.5.5" provider-name="Team Afterbirth">
	<requires>
		<import addon="xbmc.python" version="2.1.0" />
		<import addon="script.module.beautifulsoup4"/>
	</requires>
	<extension point="xbmc.python.module" library="lib" />
	<extension point="xbmc.addon.metadata">
		<platform>all</platform>
		<summary lang="en">Placenta</summary>
		<description>Covenant Fork from Echo/Colossus era with Team Afterbirth's updates and new code.</description>
        <disclaimer lang="en">The author is not responsible for the use of this addon. The author is not responsible for the content found using this addon. The author does not host or own any content found within this addon.[CR]The author is in no way affiliated with Kodi, Team Kodi, or the XBMC Foundation.[CR]This is a Non-profit resource, organized solely for educational purposes which is protected under the Fair-Use doctrine of the Copyright Act, Specifically section 107, which does promote freedom of expression, by permitting the unlicensed use of copyright-protected works.</disclaimer>
        <license>Beerware rev. 42</license>
	</extension>
</addon>
<addon id="script.placenta.metadata" version="1.0.1" name="Placenta Metadata" provider-name="Team Afterbirth">
	<requires>
		<import addon="xbmc.python" version="2.19.0"/>
	</requires>
	<extension point="xbmc.python.module" library="lib" />
	<extension point="xbmc.addon.metadata">
		<summary>Metadata for the Placenta Addon</summary>
		<description>Metadata for Placenta are maintained separately to make distribution of the the addon itself easier/faster.</description>
        <disclaimer lang="en">The author is not responsible for the use of this addon. The author is not responsible for the content found using this addon. The author does not host or own any content found within this addon.
The author is in no way affiliated with Kodi, Team Kodi, or the XBMC Foundation.
This is a Non-profit resource, organized solely for educational purposes which is protected under the Fair-Use doctrine of the Copyright Act, Specifically section 107, which does promote freedom of expression, by permitting the unlicensed use of copyright-protected works.</disclaimer>
        <license>Beerware rev. 42</license>
		<platform>all</platform>
	</extension>
</addon>
<addon id="script.placenta.artwork" version="1.0.6" name="Placenta Artwork" provider-name="Team Afterbirth">
	<requires>
		<import addon="xbmc.python" version="2.19.0"/>
	</requires>
	<extension point="xbmc.python.module" library="lib" />
	<extension point="xbmc.addon.metadata">
		<summary>Themes for the Placenta Addon</summary>
		<description>Artwork Module for the Placenta Addon</description>
        <disclaimer lang="en">The author is not responsible for the use of this addon. The author is not responsible for the content found using this addon. The author does not host or own any content found within this addon.
The author is in no way affiliated with Kodi, Team Kodi, or the XBMC Foundation.
This is a Non-profit resource, organized solely for educational purposes which is protected under the Fair-Use doctrine of the Copyright Act, Specifically section 107, which does promote freedom of expression, by permitting the unlicensed use of copyright-protected works.</disclaimer>
        <license>Beerware rev. 42</license>
		<platform>all</platform>
	</extension>
</addon>
</addons>