<addon id="repository.kodinaz" name=".[COLOR blue]Kodinaz[/COLOR][COLOR white] Repository [/COLOR]" version="1.3.0" provider-name="kodinaz">
    <requires>
		<import addon="repository.kodibae" />
		<import addon="repository.supremacy" />
		<import addon="incursion.repository" />
		<import addon="repository.magicality" />
	</requires>
	<extension point="xbmc.addon.repository" name="Kodinaz Repository ">
        <info compressed="false">https://raw.githubusercontent.com/nazofm/kodinaz/master/addons.xml</info>
        <checksum>https://raw.githubusercontent.com/nazofm/kodinaz/master/addons.xml.md5</checksum>
        <datadir zip="true">https://raw.githubusercontent.com/nazofm/kodinaz/master/</datadir>
    </extension>
    <extension point="xbmc.addon.metadata">
        <summary>www.kodinaz.com Repository</summary>
        <description>www.kodinaz.com offical repository using GitHub [B]THE ADDONS UNDER THIS REPO SCRAPE THE NET, NO CONTENT IS HOSTED/DISTRIBUTED HERE, CONTACT THE WEBSITES HOSTING THE CONTENT IF WANT IT REMOVED [CR] [/B]</description>
        <platform>all</platform>
    </extension>
</addon>