<?xml version="1.0" encoding="UTF-8" standalone="yes"?>
<addon id="plugin.video.ozlive" name="Oz Live TV" version="1.2" provider-name="KJB">
  <requires>
    <import addon="xbmc.python" version="2.1.0"/>
  </requires>
  <extension point="xbmc.python.pluginsource" library="default.py">
    <provides>video</provides>
  </extension>
  <extension point="xbmc.addon.metadata">
    <summary lang="en">Live Aussie TV</summary>
    <description lang="en">Live Australian TV [CR][CR][CR]If you paid for this software or paid for it to be included in your fully loaded Kodi box then ask the seller for a refund. Kodi and its addons are free and always will be.
	</description>
    <disclaimer lang="en">Author does not host streams and takes no responsibility for the distribution, use or content in this addon. Streams shared freely for information purposes only. Content may not be legal in your country to view and may be geoblocked for your location.</disclaimer>
    <language>EN</language>
    <platform>all</platform>
    <license>GNU GENERAL PUBLIC LICENSE. Version 2, June 1991</license>
    <forum></forum>
    <website></website>
    <email></email>
    <source></source>
    <assets>
        <icon>icon.png</icon>
        <fanart>fanart.jpg</fanart>
    </assets>
  </extension>
</addon>
