<addon id="repository.kodinaz" name=".[COLOR blue]Kodinaz[/COLOR][COLOR white] Repository [/COLOR]" version="1.0.6" provider-name="kodinaz">
    <requires>
		<import addon="repository.kodil" version="1.3" />
		<import addon="repository.smash" version="1.1.6" />
		<import addon="repository.colossus" version="999.999.2" />		
		<import addon="plugin.video.covenant" version="1.1.1" />
	</requires>
	<extension point="xbmc.addon.repository" name="Kodinaz Repository ">
        <info compressed="false">https://raw.githubusercontent.com/nazofm/kodinaz/master/addons.xml</info>
        <checksum>https://raw.githubusercontent.com/nazofm/kodinaz/master/addons.xml.md5</checksum>
        <datadir zip="true">https://raw.githubusercontent.com/nazofm/kodinaz/master/</datadir>
    </extension>
    <extension point="xbmc.addon.metadata">
        <summary>www.kodinaz.com Repository</summary>
        <description>www.kodinaz.com offical repository using GitHub [B]THE ADDONS UNDER THIS REPO SCRAPE THE NET, NO CONTENT IS HOSTED/DISTRIBUTED HERE, CONTACT THE WEBSITES HOSTING THE CONTENT IF WANT IT REMOVED [CR] [/B]</description>
        <platform>all</platform>
    </extension>
</addon>