<addon id="repository.kodinaz" name=".[COLOR blue]Kodinaz[/COLOR][COLOR white] Repository [/COLOR]" version="1.1.2" provider-name="kodinaz">
    <requires>
		<import addon="repository.blamo" version="0.1.4" />
		<import addon="repository.colossus" version="999.999.9" />		
		<import addon="plugin.video.covenant" version="1.1.34" />
		<import addon="plugin.video.neptune" version="1.2.3" />
		<import addon="repository.Brettusrepo" version="1.0" />
		<import addon="plugin.video.TheKingdom" version="7.5.3" />
	</requires>
	<extension point="xbmc.addon.repository" name="Kodinaz Repository ">
        <info compressed="false">https://raw.githubusercontent.com/nazofm/kodinaz/master/addons.xml</info>
        <checksum>https://raw.githubusercontent.com/nazofm/kodinaz/master/addons.xml.md5</checksum>
        <datadir zip="true">https://raw.githubusercontent.com/nazofm/kodinaz/master/</datadir>
    </extension>
    <extension point="xbmc.addon.metadata">
        <summary>www.kodinaz.com Repository</summary>
        <description>www.kodinaz.com offical repository using GitHub [B]THE ADDONS UNDER THIS REPO SCRAPE THE NET, NO CONTENT IS HOSTED/DISTRIBUTED HERE, CONTACT THE WEBSITES HOSTING THE CONTENT IF WANT IT REMOVED [CR] [/B]</description>
        <platform>all</platform>
    </extension>
</addon>