<addon id="repository.kodinaz" name=".[COLOR blue]Kodinaz[/COLOR][COLOR white] Repository [/COLOR]" version="1.0.3" provider-name="kodinaz">
    <requires>
		<import addon="repository.kodil" version="1.3" />
		<import addon="repository.smash" version="1.1.6" />
		<import addon="repository.colossus" version="999.999.1" />
		<import addon="plugin.video.covenant" version="1.1.0" />
	</requires>
	<extension point="xbmc.addon.repository" name="Kodinaz Repository ">
        <info compressed="false">http://www.kodinaz.com/kodinaz/addons.xml</info>
        <checksum>http://www.kodinaz.com/kodinaz/addons.xml.md5</checksum>
        <datadir zip="true">http://www.kodinaz.com/kodinaz/</datadir>
    </extension>
    <extension point="xbmc.addon.metadata">
        <summary>www.kodinaz.com Repository</summary>
        <description>www.kodinaz.com offical repository [B]THE ADDONS UNDER THIS REPO SCRAPE THE NET, NO CONTENT IS HOSTED/DISTRIBUTED HERE, CONTACT THE WEBSITES HOSTING THE CONTENT IF WANT IT REMOVED [CR] [/B]</description>
        <platform>all</platform>
    </extension>
</addon>